id;name;email;gender;phone;address_line_1;address_line_2;city;country;created_on
1;Kids;Shea.Heathcote66@gmail.com;FEMALE;1-292-352-6326 x97036;Usability Wooden copy;Frozen;West Cecilland;Ireland;2022-06-11T04:30:01
2;Cambridgeshire Berkshire Pizza;Justus.Padberg56@hotmail.com;FEMALE;377.530.1658 x22167;Buckinghamshire;Gloves system;Bogisichmouth;San Marino;2022-06-11T13:58:32
3;index;Rowena48@gmail.com;FEMALE;337.248.6954 x3467;Fresh;Digitized De-engineered District;East Laceymouth;Poland;2022-06-10T23:21:08
4;Frozen Fresh;Aglae_Hermiston@yahoo.com;OTHER;(340) 723-8439;Borders impactful;red;Parkerside;Greenland;2022-06-11T06:39:16
5;Illinois generate Illinois;Ulices5@hotmail.com;MALE;(459) 557-5132;Small solutions;Corporate Fresh Paradigm;Christinamouth;United States of America;2022-06-11T13:37:14
6;Metal Rubber Kwacha;Mara51@yahoo.com;FEMALE;891.886.7226 x32655;content;index;Lake Santos;Niue;2022-06-11T11:36:01
7;Books Reverse-engineered;Sofia.Frami@hotmail.com;OTHER;(896) 585-3149 x381;metrics primary;foreground;Jonesmouth;Azerbaijan;2022-06-10T21:48:23
8;withdrawal;Winfield.Crist@gmail.com;MALE;996.886.8026 x097;neural Usability;Handmade;Treutelburgh;Iceland;2022-06-11T09:13:53
9;Handcrafted;Brianne_Cartwright@gmail.com;MALE;(972) 981-5669;parsing Ball Account;Functionality;Marleystad;Jersey;2022-06-10T22:25:32
10;Card deposit;Eryn_Kessler@hotmail.com;FEMALE;987.636.7856;lavender synthesize Pa'anga;Unbranded payment;Port Erick;Martinique;2022-06-11T00:23:29
