id;account_no;i_ban;type;wallet_address;wallet_network
1;Money interface;quantify invoice Producer;Personal;Steel Hryvnia;reboot parsing
2;auxiliary;Cliff;SMTP;invoice;Games analyzer
3;e-business Cross-group deposit;vertical Shoes wireless;deposit middleware;Functionality payment;Architect State)
4;CSS;synergize;generating impactful redundant;Dinar;Cambridgeshire Administrator auxiliary
5;lavender;Shoes ADP object-oriented;Berkshire;Money Indonesia Shoes;Singapore grey
6;invoice Identity;Orchestrator;Meadows RAM Cambridgeshire;Human product;transmitter Connecticut structure
7;copying Plastic Account;Lilangeni invoice;Buckinghamshire Berkshire;Cambridgeshire;bypassing Re-engineered Soap
8;back transform drive;EXE Belgium;cross-media solutions Steel;Fantastic Account FTP;Clothing
9;virtual;back Plastic;Agent Iowa;California teal;system-worthy
10;Account Namibia;drive;Cambridgeshire;synergies;Officer
